image,xmin,ymin,xmax,ymax,label
103.jpg,693.5466976264189,341.48678325688076,740.4987100103199,382.3320240825688,pus
103.jpg,566.1154540763674,236.55111811926608,725.7988906088752,382.56012041284407,ep
103.jpg,910.0724974200207,124.24360665137614,1101.4238906088751,380.2930905963303,ep
103.jpg,1085.611197110423,0,1280,286.4404816513762,ep
103.jpg,506.4496835504007,366.2533215974507,558.3756670969482,419.305953176398,rbc
103.jpg,600.4358635979729,182.35815750925167,636.1836465371621,218.1110003229137,rbc
103.jpg,634.3715487250643,195.40163535111557,674.7318738939832,236.9210861520309,pus
103.jpg,191.5607027228121,502.65104608950406,241.1463234998391,556.8570133444919,pus
103.jpg,44.20423855775418,636.6007191812965,101.86186102397039,693.113340190128,pus
