image,xmin,ymin,xmax,ymax,label
103.jpg,693.5466976264189,341.48678325688076,740.4987100103199,382.3320240825688,pus
103.jpg,566.1154540763674,236.55111811926608,725.7988906088752,382.56012041284407,rbc
103.jpg,910.0724974200207,124.24360665137614,1101.4238906088751,380.2930905963303,ep